id,orange,teal,notes
SWDT-01,Chai Champions,Coffee Commandos,the example pair in scenarios.md
SWDT-02,Sleepy Samosas,Crispy Dosas,
SWDT-03,Lazy Lions,Busy Bees,
SWDT-04,Pressure Cookers,Ceiling Fans,
SWDT-05,Back Benchers,Front Benchers,
SWDT-06,Snooze Buttons,Alarm Clocks,
SWDT-07,Tiffin Thieves,Lunch Box Bandits,
SWDT-08,Remote Hiders,Channel Changers,
SWDT-09,Mosquito Slappers,Power Cut Heroes,
SWDT-10,Biscuit Dunkers,Chutney Lovers,
SWDT-11,Wi-Fi Hunters,Charger Borrowers,
SWDT-12,Monsoon Puddles,Summer Sunburns,
SWDT-13,Selfie Stars,Group Photos,
SWDT-14,Auto Racers,Scooter Riders,
SWDT-15,Hungry Tigers,Grumpy Cats,
SWDT-16,Ice Cream Thieves,Cake Hunters,
SWDT-17,Homework Dodgers,Exam Toppers,
SWDT-18,Noisy Neighbours,Sleepy Owls,
SWDT-19,Rocket Scientists,Paper Planes,
SWDT-20,Party Poppers,Paper Boats,
