id,word,meanings,category,audience,nonveg,edition,retired_in,notes
SWDW-001,Chai,tea / cutting chai / chai break,Food,family,no,1,,
SWDW-002,Samosa,snack / triangle shape,Food,family,no,1,,
SWDW-003,Dosa,crispy pancake / masala dosa,Food,family,no,1,,
SWDW-004,Idli,steamed rice cake / idli-sambar,Food,family,no,1,,
SWDW-005,Biryani,rice dish / Hyderabadi or Kolkata biryani,Food,family,no,1,,veg and non-veg kinds
SWDW-006,Pickle,achaar / a tricky spot,Food,family,no,1,,
SWDW-007,Salt,table salt / salt of the earth,Food,family,no,1,,"replaced Mango (owner, 4 Oct: English or pan-India only)"
SWDW-008,Laddu,round sweet / laddu,Food,family,no,1,,spelling known in every region
SWDW-009,Jalebi,spiral sweet / twisted like a jalebi,Food,family,no,1,,
SWDW-010,Halwa,sweet dish / easy as halwa,Food,family,no,1,,
SWDW-011,Paneer,cottage cheese / paneer tikka,Food,family,no,1,,
SWDW-012,Juice,fruit juice / juicy story,Food,family,no,1,,"replaced Dal (owner, 4 Oct: must be known in Tirunelveli or Sivagangai without Hindi)"
SWDW-013,Rice,chawal / curd rice / paddy field,Food,family,no,1,,
SWDW-014,Cookie,biscuit / smart cookie,Food,family,no,1,,"replaced Roti (owner, 4 Oct: must be known in Tirunelveli or Sivagangai without Hindi)"
SWDW-015,Jelly,sweet jelly / jellyfish,Food,family,no,1,,"replaced Paratha (owner, 4 Oct: must be known in Tirunelveli or Sivagangai without Hindi)"
SWDW-016,Curd,dahi / curd rice,Food,family,no,1,,
SWDW-017,Ghee,clarified butter / desi ghee,Food,family,no,1,,
SWDW-018,Cream,milk cream / face cream / the best,Food,family,no,1,,"replaced Lassi (owner, 4 Oct: must be known in Tirunelveli or Sivagangai without Hindi)"
SWDW-019,Nut,cashew nut / nut and bolt / crazy,Food,family,no,1,,"replaced Kulfi (owner, 4 Oct: must be known in Tirunelveli or Sivagangai without Hindi)"
SWDW-020,Orange,fruit / colour,Food,family,no,1,,"replaced Pakora (owner, 4 Oct: English or pan-India only)"
SWDW-021,Chutney,green or coconut chutney / sauce,Food,family,no,1,,
SWDW-022,Corn,maize / bhutta / corny joke,Food,family,no,1,,"replaced Papad (owner, 4 Oct: English or pan-India only)"
SWDW-023,Sambar,lentil stew / idli-sambar,Food,family,no,1,,
SWDW-024,Puri,fried bread / temple town Puri,Food,family,no,1,,
SWDW-025,Naan,tandoor bread / butter naan,Food,family,no,1,,
SWDW-026,Soup,tomato soup / in the soup,Food,family,no,1,,"replaced Kheer (owner, 4 Oct: English or pan-India only)"
SWDW-027,Masala,spice mix / masala film / masala chai,Food,family,no,1,,
SWDW-028,Pepper,black pepper / bell pepper,Food,family,no,1,,
SWDW-029,Chilli,green chilli / spicy hot / chilli paneer,Food,family,no,1,,
SWDW-030,Ginger,adrak / ginger tea / ginger hair,Food,family,no,1,,
SWDW-031,Onion,pyaaz / makes you cry / layers,Food,family,no,1,,
SWDW-032,Potato,aloo / couch potato,Food,family,no,1,,
SWDW-033,Coconut,nariyal / coconut tree / coconut oil,Food,family,no,1,,
SWDW-034,Banana,kela / banana leaf / slipping on a peel,Food,family,no,1,,
SWDW-035,Lemon,nimbu / lemon-and-chilli charm / lemon rice,Food,family,no,1,,
SWDW-036,Butter,makhan / butter chicken / buttering someone up,Food,family,no,1,,
SWDW-037,Sugar,cheeni / sugar level / sweet talk,Food,family,no,1,,
SWDW-038,Honey,shahad / bees / sweetheart,Food,family,no,1,,
SWDW-039,Bread,double roti / bread pakora / earning a living,Food,family,no,1,,
SWDW-040,Egg,anda / egg on your face / eggshell,Food,family,yes,1,,
SWDW-041,Chicken,bird / chicken curry / scaredy-cat,Food,family,yes,1,,
SWDW-042,Kebab,seekh kebab / grilled snack,Food,family,yes,1,,veg kebabs exist too
SWDW-043,Popcorn,cinema snack / popping corn,Food,family,no,1,,
SWDW-044,Noodles,chowmein / Indo-Chinese / curly like noodles,Food,family,no,1,,
SWDW-045,Cake,birthday cake / piece of cake,Food,family,no,1,,
SWDW-046,Jam,fruit jam / traffic jam,Food,family,no,1,,
SWDW-047,Coffee,filter coffee / coffee house,Food,family,no,1,,
SWDW-048,Vada,medu vada / vada pav,Food,family,no,1,,
SWDW-049,Toast,bread toast / raise a toast,Food,family,no,1,,"replaced Khichdi (owner, 4 Oct: English or pan-India only)"
SWDW-050,Mint,pudina / new coins / mint condition,Food,family,no,1,,
SWDW-051,Tiffin,lunch box / snack time,Food,family,no,1,,
SWDW-052,Chips,wafers / computer chips,Food,family,no,1,,
SWDW-053,Bat,cricket bat / flying animal,Cricket and sport,family,no,1,,
SWDW-054,Ball,cricket ball / dance ball / having a ball,Cricket and sport,family,no,1,,
SWDW-055,Wicket,stumps / losing a wicket,Cricket and sport,family,no,1,,
SWDW-056,Stump,cricket stumps / tree stump / stumped,Cricket and sport,family,no,1,,
SWDW-057,Pitch,cricket pitch / sales pitch / voice pitch,Cricket and sport,family,no,1,,
SWDW-058,Over,six balls / finished / above,Cricket and sport,family,no,1,,
SWDW-059,Duck,out for zero / bird / bend down,Cricket and sport,family,no,1,,
SWDW-060,Six,sixer / number six,Cricket and sport,family,no,1,,
SWDW-061,Century,100 runs / 100 years,Cricket and sport,family,no,1,,
SWDW-062,Umpire,cricket umpire / decision maker,Cricket and sport,family,no,1,,
SWDW-063,Catch,catch out / hidden trick / a good catch,Cricket and sport,family,no,1,,
SWDW-064,Run,cricket run / to run / run a shop,Cricket and sport,family,no,1,,
SWDW-065,Boundary,four or six / limit / compound wall,Cricket and sport,family,no,1,,
SWDW-066,Captain,team captain / ship captain,Cricket and sport,family,no,1,,
SWDW-067,Trophy,cup / prize,Cricket and sport,family,no,1,,
SWDW-068,Cup,World Cup / chai cup,Cricket and sport,family,no,1,,
SWDW-069,Match,cricket match / matchstick / rishta match,Cricket and sport,family,no,1,,
SWDW-070,Toss,coin toss / throw,Cricket and sport,family,no,1,,
SWDW-071,Helmet,batting helmet / bike helmet,Cricket and sport,family,no,1,,
SWDW-072,Pad,batting pads / notepad / launch pad,Cricket and sport,family,no,1,,
SWDW-073,Spin,spin bowling / spinning top / twist a story,Cricket and sport,family,no,1,,
SWDW-074,Swing,swing bowling / garden jhoola / dance swing,Cricket and sport,family,no,1,,
SWDW-075,Googly,tricky ball / tricky question,Cricket and sport,family,no,1,,
SWDW-076,Hockey,hockey stick / national game,Cricket and sport,family,no,1,,
SWDW-077,Kabaddi,raid game / kabaddi-kabaddi,Cricket and sport,family,no,1,,
SWDW-078,Chess,board game / king and queen,Cricket and sport,family,no,1,,
SWDW-079,Carrom,board game / striker / queen,Cricket and sport,family,no,1,,
SWDW-080,Ludo,board game / dice / snakes,Cricket and sport,family,no,1,,
SWDW-081,Goal,football goal / aim in life,Cricket and sport,family,no,1,,
SWDW-082,Net,cricket nets / fishing net / internet,Cricket and sport,family,no,1,,
SWDW-083,Racket,badminton racket / loud noise / scam,Cricket and sport,family,no,1,,
SWDW-084,Shuttle,shuttlecock / shuttle bus / space shuttle,Cricket and sport,family,no,1,,
SWDW-085,Medal,gold medal / award,Cricket and sport,family,no,1,,
SWDW-086,Coach,trainer / train coach / bus,Cricket and sport,family,no,1,,
SWDW-087,Score,match score / twenty,Cricket and sport,family,no,1,,"replaced Gully (owner, 4 Oct: must be known in Tirunelveli or Sivagangai without Hindi)"
SWDW-088,Keeper,wicketkeeper / goalkeeper / zookeeper,Cricket and sport,family,no,1,,
SWDW-089,Drive,cover drive / car drive,Cricket and sport,family,no,1,,
SWDW-090,Sweep,sweep shot / sweeping with a broom,Cricket and sport,family,no,1,,
SWDW-091,Jersey,team shirt / cow breed,Cricket and sport,family,no,1,,
SWDW-092,Whistle,referee whistle / cooker whistle,Cricket and sport,family,no,1,,
SWDW-093,Fan,ceiling fan / cricket fan,Home,family,no,1,,
SWDW-094,Cooker,pressure cooker / whistles,Home,family,no,1,,
SWDW-095,Mixer,mixer-grinder / DJ mixer,Home,family,no,1,,
SWDW-096,Pan,frying pan / camera pan,Home,family,no,1,,"replaced Tawa (owner, 4 Oct: English or pan-India only)"
SWDW-097,Bucket,balti / bucket list,Home,family,no,1,,
SWDW-098,Mug,bathroom mug / coffee mug / mug up for an exam,Home,family,no,1,,
SWDW-099,Tap,nal / tap on the shoulder / tap the screen,Home,family,no,1,,
SWDW-100,Pillow,takiya / pillow fight,Home,family,no,1,,
SWDW-101,Sofa,couch / sofa set,Home,family,no,1,,
SWDW-102,Chair,kursi / musical chairs / the boss seat,Home,family,no,1,,
SWDW-103,Table,furniture / times tables / timetable,Home,family,no,1,,
SWDW-104,Drawer,desk drawer / one who draws,Home,family,no,1,,"replaced Almirah (owner, 4 Oct: English or pan-India only)"
SWDW-105,Mirror,aaina / mirror image,Home,family,no,1,,
SWDW-106,Comb,kanghi / honeycomb / rooster comb,Home,family,no,1,,
SWDW-107,Broom,jhaadu / witch's broom,Home,family,no,1,,
SWDW-108,Window,khidki / window seat / computer window,Home,family,no,1,,
SWDW-109,Door,darwaza / next door,Home,family,no,1,,
SWDW-110,Terrace,chhat / rooftop / kite flying,Home,family,no,1,,
SWDW-111,Fridge,refrigerator / fridge magnet,Home,family,no,1,,
SWDW-112,Cooler,air cooler / ice box,Home,family,no,1,,
SWDW-113,Geyser,water heater / hot spring,Home,family,no,1,,
SWDW-114,Iron,clothes press / metal / iron man,Home,family,no,1,,
SWDW-115,Bulb,light bulb / bright idea / flower bulb,Home,family,no,1,,
SWDW-116,Switch,light switch / change over,Home,family,no,1,,
SWDW-117,Remote,TV remote / far away,Home,family,no,1,,
SWDW-118,Clock,ghadi / alarm / clock in,Home,family,no,1,,
SWDW-119,Lock,taala / lock-in / lock of hair,Home,family,no,1,,
SWDW-120,Key,chaabi / answer key / piano key,Home,family,no,1,,
SWDW-121,Bell,doorbell / cycle bell / school bell,Home,family,no,1,,
SWDW-122,Candle,mombatti / power cut / birthday candle,Home,family,no,1,,
SWDW-123,Cylinder,gas cylinder / shape,Home,family,no,1,,
SWDW-124,Plate,thali / number plate / home plate,Home,family,no,1,,
SWDW-125,Spoon,chammach / spoon-feed,Home,family,no,1,,
SWDW-126,Bowl,katori / to bowl in cricket,Home,family,no,1,,
SWDW-127,Glass,tumbler / window glass,Home,family,no,1,,
SWDW-128,Bottle,water bottle / bottle cap / bottled up,Home,family,no,1,,
SWDW-129,Curtain,parda / end of a show,Home,family,no,1,,
SWDW-130,Soap,sabun / soap opera,Home,family,no,1,,
SWDW-131,Brush,toothbrush / paintbrush,Home,family,no,1,,
SWDW-132,Paste,toothpaste / glue / copy-paste,Home,family,no,1,,
SWDW-133,Torch,flashlight / Olympic torch,Home,family,no,1,,
SWDW-134,Ladder,seedhi / snakes and ladders,Home,family,no,1,,
SWDW-135,Frame,photo frame / spectacle frame / framed,Home,family,no,1,,
SWDW-136,Well,kuan / feeling well / well done,Home,family,no,1,,
SWDW-137,Auto,autorickshaw / automatic,Out and about,family,no,1,,
SWDW-138,Bus,bus / missed the bus,Out and about,family,no,1,,
SWDW-139,Train,rail gaadi / train of thought / to practise,Out and about,family,no,1,,
SWDW-140,Metro,metro rail / big city,Out and about,family,no,1,,
SWDW-141,Station,railway station / radio station / police station,Out and about,family,no,1,,
SWDW-142,Platform,railway platform / stage / platform shoes,Out and about,family,no,1,,
SWDW-143,Ticket,train ticket / movie ticket,Out and about,family,no,1,,
SWDW-144,Rickshaw,cycle rickshaw / auto,Out and about,family,no,1,,
SWDW-145,Scooter,scooty / kick scooter,Out and about,family,no,1,,
SWDW-146,Cycle,bicycle / life cycle / wash cycle,Out and about,family,no,1,,
SWDW-147,Truck,lorry / Horn OK Please,Out and about,family,no,1,,
SWDW-148,Plane,aeroplane / flat surface / carpenter's tool,Out and about,family,no,1,,
SWDW-149,Ship,jahaaz / to ship a parcel,Out and about,family,no,1,,
SWDW-150,Boat,naav / houseboat / in the same boat,Out and about,family,no,1,,
SWDW-151,Road,sadak / road trip,Out and about,family,no,1,,
SWDW-152,Bridge,pul / card game / dental bridge,Out and about,family,no,1,,
SWDW-153,Signal,traffic signal / phone signal,Out and about,family,no,1,,
SWDW-154,Horn,car horn / animal horn,Out and about,family,no,1,,
SWDW-155,Puncture,flat tyre / puncture shop,Out and about,family,no,1,,
SWDW-156,Petrol,fuel / petrol pump,Out and about,family,no,1,,
SWDW-157,Market,bazaar / stock market,Out and about,family,no,1,,
SWDW-158,Bank,money bank / river bank,Out and about,family,no,1,,
SWDW-159,Hospital,clinic / hospital bed,Out and about,family,no,1,,
SWDW-160,Park,garden / park the car,Out and about,family,no,1,,
SWDW-161,Zoo,animals / total chaos,Out and about,family,no,1,,
SWDW-162,Circus,tent show / total chaos,Out and about,family,no,1,,
SWDW-163,Hotel,restaurant / lodge,Out and about,family,no,1,,in India also means an eatery
SWDW-164,Mall,shopping mall,Out and about,family,no,1,,"replaced Dhaba (owner, 4 Oct: English or pan-India only)"
SWDW-165,Canteen,college canteen / water flask,Out and about,family,no,1,,
SWDW-166,Post,post office / job post / pole,Out and about,family,no,1,,
SWDW-167,Police,cops / chor-police game,Out and about,family,no,1,,
SWDW-168,Map,naksha / road map,Out and about,family,no,1,,
SWDW-169,Village,gaon / global village,Out and about,family,no,1,,
SWDW-170,Beach,seaside / Marina or Juhu,Out and about,family,no,1,,
SWDW-171,Hill,pahaad / hill station,Out and about,family,no,1,,
SWDW-172,Goa,beach state / holiday,Out and about,family,no,1,,
SWDW-173,Delhi,capital / Delhi winter,Out and about,family,no,1,,
SWDW-174,Mumbai,city / home of Bollywood,Out and about,family,no,1,,
SWDW-175,Agra,Taj Mahal city / petha,Out and about,family,no,1,,
SWDW-176,Lift,elevator / give a lift / lift weights,Out and about,family,no,1,,
SWDW-177,Hero,film hero / real-life hero,Films and music,family,no,1,,
SWDW-178,Villain,bad guy / film villain,Films and music,family,no,1,,
SWDW-179,Song,film song / birthday song,Films and music,family,no,1,,
SWDW-180,Dance,naach / dance floor,Films and music,family,no,1,,
SWDW-181,Interval,film break / gap,Films and music,family,no,1,,
SWDW-182,Climax,film ending / the peak,Films and music,grownups,no,1,,
SWDW-183,Director,film director / company director,Films and music,family,no,1,,
SWDW-184,Camera,camera / candid camera,Films and music,family,no,1,,
SWDW-185,Action,lights camera action / fight scene,Films and music,family,no,1,,
SWDW-186,Stunt,stunt scene / trick,Films and music,family,no,1,,
SWDW-187,Dialogue,filmy dialogue / conversation,Films and music,family,no,1,,
SWDW-188,Screen,cinema screen / phone screen,Films and music,family,no,1,,
SWDW-189,Selfie,phone photo / selfie stick,Films and music,family,no,1,,
SWDW-190,Trailer,film trailer / truck trailer,Films and music,family,no,1,,
SWDW-191,Star,film star / sky star,Films and music,family,no,1,,
SWDW-192,Drum,drum beat / oil drum,Films and music,family,no,1,,"replaced Dhol (owner, 4 Oct: English or pan-India only)"
SWDW-193,Tabla,pair of drums / tabla player,Films and music,family,no,1,,
SWDW-194,Sitar,string instrument,Films and music,family,no,1,,
SWDW-195,Flute,bansuri / music,Films and music,family,no,1,,
SWDW-196,Guitar,instrument / air guitar,Films and music,family,no,1,,
SWDW-197,Note,music note / money note / class notes,Films and music,family,no,1,,
SWDW-198,Band,music band / rubber band / band baaja,Films and music,family,no,1,,
SWDW-199,Mike,microphone / mike drop,Films and music,family,no,1,,
SWDW-200,Speaker,loudspeaker / person speaking,Films and music,family,no,1,,
SWDW-201,Album,music album / photo album,Films and music,family,no,1,,
SWDW-202,Record,vinyl / world record,Films and music,family,no,1,,
SWDW-203,Theatre,cinema hall / drama,Films and music,family,no,1,,
SWDW-204,Stage,stage show / stage of life,Films and music,family,no,1,,
SWDW-205,Puppet,kathputli / someone controlled by another,Films and music,family,no,1,,
SWDW-206,Magic,jadoo / magic show,Films and music,family,no,1,,
SWDW-207,Cartoon,animation / funny drawing,Films and music,family,no,1,,
SWDW-208,Comic,funny / comic book,Films and music,family,no,1,,
SWDW-209,Shadow,shade / follow someone / shadow puppets,Films and music,family,no,1,,"replaced Ghost (now the losing card's name, K23)"
SWDW-210,Hit,superhit / to hit,Films and music,family,no,1,,
SWDW-211,Flop,box-office flop / plop down,Films and music,family,no,1,,
SWDW-212,Reel,film reel / short video / fishing reel,Films and music,family,no,1,,
SWDW-213,Serial,TV serial / serial number,Films and music,family,no,1,,
SWDW-214,Anchor,TV anchor / ship's anchor,Films and music,family,no,1,,
SWDW-215,Diwali,festival of lights / crackers,Festivals,family,no,1,,
SWDW-216,Holi,festival of colours / pichkari,Festivals,family,no,1,,
SWDW-217,Eid,festival / biryani and sevai,Festivals,family,no,1,,
SWDW-218,Lamp,oil lamp / table lamp,Festivals,family,no,1,,"replaced Onam (owner, 4 Oct: English or pan-India only)"
SWDW-219,Candy,sweet / candy floss,Festivals,family,no,1,,"replaced Pongal (owner, 4 Oct: English or pan-India only)"
SWDW-220,Card,greeting card / playing card,Festivals,family,no,1,,"replaced Navratri (owner, 4 Oct: English or pan-India only)"
SWDW-221,Ribbon,gift ribbon / prize ribbon,Festivals,family,no,1,,"replaced Dussehra (owner, 4 Oct: English or pan-India only)"
SWDW-222,Parade,march / Republic Day parade,Festivals,family,no,1,,"replaced Rakhi (owner, 4 Oct: English or pan-India only)"
SWDW-223,Santa,Christmas Santa / Secret Santa,Festivals,family,no,1,,
SWDW-224,Costume,fancy dress / outfit,Festivals,family,no,1,,"replaced Diya (owner, 4 Oct: English or pan-India only)"
SWDW-225,Prize,first prize / prized,Festivals,family,no,1,,"replaced Rangoli (owner, 4 Oct: must be known in Tirunelveli or Sivagangai without Hindi)"
SWDW-226,Cracker,firecracker / biscuit cracker,Festivals,family,no,1,,
SWDW-227,Rocket,Diwali rocket / space rocket,Festivals,family,no,1,,
SWDW-228,Sparkler,phuljhadi / sparkly,Festivals,family,no,1,,
SWDW-229,Kite,Sankranti kite / bird / kite flying,Festivals,family,no,1,,
SWDW-230,Colour,Holi colours / crayons / colour TV,Festivals,family,no,1,,
SWDW-231,Fair,fun fair / fair play / fair weather,Festivals,family,no,1,,"replaced Pichkari (owner, 4 Oct: English or pan-India only)"
SWDW-232,Mask,face mask / hide feelings,Festivals,family,no,1,,"replaced Bhangra (owner, 4 Oct: English or pan-India only)"
SWDW-233,Gift,present / gift of the gab,Festivals,family,no,1,,
SWDW-234,Sweet,mithai / sweet person,Festivals,family,no,1,,
SWDW-235,Present,gift / now / attendance,Festivals,family,no,1,,"replaced Mehndi (owner, 4 Oct: must be known in Tirunelveli or Sivagangai without Hindi)"
SWDW-236,Wedding,shaadi / wedding card,Festivals,family,no,1,,
SWDW-237,Feast,big meal / feast your eyes,Festivals,family,no,1,,"replaced Baraat (owner, 4 Oct: English or pan-India only)"
SWDW-238,Wish,birthday wish / genie wish,Festivals,family,no,1,,"replaced Sangeet (owner, 4 Oct: English or pan-India only)"
SWDW-239,Guest,house guest / guest star,Festivals,family,no,1,,"replaced Haldi (owner, 4 Oct: English or pan-India only)"
SWDW-240,Garland,flower mala / welcome,Festivals,family,no,1,,
SWDW-241,Paint,wall paint / painting,Festivals,family,no,1,,"replaced Mela (owner, 4 Oct: English or pan-India only)"
SWDW-242,Lantern,sky lantern / Christmas star,Festivals,family,no,1,,
SWDW-243,Party,celebration / search party / party games,Festivals,family,no,1,,
SWDW-244,Birthday,cake / candles / birthday bumps,Festivals,family,no,1,,
SWDW-245,Vacation,summer holidays / trip,Festivals,family,no,1,,
SWDW-246,Picnic,outing / no picnic,Festivals,family,no,1,,
SWDW-247,Kolkata,city / Howrah bridge / rosogolla,Out and about,family,no,1,,replaced Fast (religious sense)
SWDW-248,Bride,dulhan / wedding,Festivals,family,no,1,,
SWDW-249,Bubble,soap bubble / bubble wrap,Festivals,family,no,1,,"replaced Garba (owner, 4 Oct: English or pan-India only)"
SWDW-250,Holiday,day off / school holiday,Festivals,family,no,1,,"replaced Dandiya (owner, 4 Oct: English or pan-India only)"
SWDW-251,Tiger,big cat / national animal,Nature and animals,family,no,1,,
SWDW-252,Lion,big cat / king of the jungle,Nature and animals,family,no,1,,
SWDW-253,Elephant,haathi / elephant memory,Nature and animals,family,no,1,,
SWDW-254,Eagle,bird / sharp eyes,Nature and animals,family,no,1,,"replaced Peacock (owner, 4 Oct: English or pan-India only)"
SWDW-255,Monkey,bandar / monkey business,Nature and animals,family,no,1,,
SWDW-256,Cow,gaay / milk,Nature and animals,family,no,1,,
SWDW-257,Camel,oont / desert,Nature and animals,family,no,1,,
SWDW-258,Horse,ghoda / chess knight,Nature and animals,family,no,1,,
SWDW-259,Dog,kutta / underdog,Nature and animals,family,no,1,,
SWDW-260,Cat,billi / cat walk,Nature and animals,family,no,1,,
SWDW-261,Mouse,chooha / computer mouse,Nature and animals,family,no,1,,
SWDW-262,Parrot,tota / repeats words,Nature and animals,family,no,1,,
SWDW-263,Crow,kauwa / crow's feet,Nature and animals,family,no,1,,
SWDW-264,Owl,ullu / night bird,Nature and animals,family,no,1,,
SWDW-265,Snake,saanp / snakes and ladders,Nature and animals,family,no,1,,
SWDW-266,Frog,mendhak / frog in throat,Nature and animals,family,no,1,,
SWDW-267,Ant,cheenti / hard worker,Nature and animals,family,no,1,,
SWDW-268,Bee,honey bee / busy bee / spelling bee,Nature and animals,family,no,1,,
SWDW-269,Mosquito,machchar / mosquito net,Nature and animals,family,no,1,,
SWDW-270,Fly,makkhi / to fly,Nature and animals,family,no,1,,
SWDW-271,Fish,machli / fish curry / fishing,Nature and animals,family,yes,1,,
SWDW-272,Shark,fish / loan shark,Nature and animals,family,no,1,,
SWDW-273,Bear,bhalu / teddy bear / bear with me,Nature and animals,family,no,1,,
SWDW-274,Zebra,animal / zebra crossing,Nature and animals,family,no,1,,
SWDW-275,Crane,bird / construction crane,Nature and animals,family,no,1,,
SWDW-276,Seal,sea animal / stamp seal / sealed,Nature and animals,family,no,1,,
SWDW-277,Bug,insect / computer bug,Nature and animals,family,no,1,,
SWDW-278,Rose,gulab / Rose Day,Nature and animals,family,no,1,,
SWDW-279,Jasmine,mogra / malli,Nature and animals,family,no,1,,
SWDW-280,Neem,tree / neem twig,Nature and animals,family,no,1,,
SWDW-281,Palm,tree / hand palm / palm reading,Nature and animals,family,no,1,,
SWDW-282,Tree,ped / family tree,Nature and animals,family,no,1,,
SWDW-283,Root,jad / square root,Nature and animals,family,no,1,,
SWDW-284,Sun,sooraj / sunshine / sunny side,Nature and animals,family,no,1,,
SWDW-285,Moon,chaand / moon landing,Nature and animals,family,no,1,,
SWDW-286,Cloud,baadal / cloud storage,Nature and animals,family,no,1,,
SWDW-287,Monsoon,rains / monsoon session,Nature and animals,family,no,1,,
SWDW-288,Wave,sea wave / hand wave / Mexican wave,Nature and animals,family,no,1,,
SWDW-289,Spring,season / metal spring / water spring,Nature and animals,family,no,1,,
SWDW-290,Rock,stone / rock music,Nature and animals,family,no,1,,
SWDW-291,Pearl,moti / Hyderabad pearls,Nature and animals,family,no,1,,
SWDW-292,Tail,poonch / heads or tails,Nature and animals,family,no,1,,
SWDW-293,Jungle,forest / Jungle Book,Nature and animals,family,no,1,,
SWDW-294,Rain,baarish / rain dance,Nature and animals,family,no,1,,
SWDW-295,School,school / school of fish,School and work,family,no,1,,
SWDW-296,Teacher,sir or ma'am / guide,School and work,family,no,1,,
SWDW-297,Exam,test / board exam,School and work,family,no,1,,
SWDW-298,Library,books / quiet room,School and work,family,no,1,,
SWDW-299,Rubber,eraser / rubber band / tyre rubber,School and work,family,no,1,,
SWDW-300,Ruler,scale / king,School and work,family,no,1,,
SWDW-301,Scale,ruler / fish scale / weighing scale,School and work,family,no,1,,
SWDW-302,Compass,geometry box / direction finder,School and work,family,no,1,,
SWDW-303,Pen,writing pen / pen pal,School and work,family,no,1,,
SWDW-304,Chalk,blackboard chalk / chalk and cheese,School and work,family,no,1,,
SWDW-305,Board,blackboard / board exam / board a train,School and work,family,no,1,,
SWDW-306,Duster,blackboard duster / cleaning cloth,School and work,family,no,1,,
SWDW-307,Bench,class bench / bench strength / court bench,School and work,family,no,1,,
SWDW-308,Bag,school bag / bag a prize,School and work,family,no,1,,
SWDW-309,Uniform,school dress / same for everyone,School and work,family,no,1,,
SWDW-310,Tie,school tie / tied match,School and work,family,no,1,,
SWDW-311,Homework,after-school work / preparation,School and work,family,no,1,,
SWDW-312,Chennai,city / Marina beach / filter coffee,Out and about,family,no,1,,replaced Copy (regional balance)
SWDW-313,Book,kitaab / book a ticket,School and work,family,no,1,,
SWDW-314,Class,classroom / first class / classy,School and work,family,no,1,,
SWDW-315,Mark,exam marks / stain / on your mark,School and work,family,no,1,,
SWDW-316,Rank,class rank / army rank,School and work,family,no,1,,
SWDW-317,Guard,security guard / train guard / batting guard,School and work,family,no,1,,
SWDW-318,Tuition,coaching class / fees,School and work,family,no,1,,
SWDW-319,Report,report card / news report,School and work,family,no,1,,
SWDW-320,Chart,chart paper / music charts / graph,School and work,family,no,1,,
SWDW-321,Gum,glue / chewing gum / gums,School and work,family,no,1,,
SWDW-322,Paper,kaagaz / exam paper / newspaper,School and work,family,no,1,,
SWDW-323,File,office file / nail file / computer file,School and work,family,no,1,,
SWDW-324,Doctor,daktar / doctor sahab,School and work,family,no,1,,
SWDW-325,Pilot,plane pilot / pilot episode,School and work,family,no,1,,
SWDW-326,Tailor,darzi / tailor-made,School and work,family,no,1,,
SWDW-327,Stamp,postage stamp / rubber stamp / stamp your foot,School and work,family,no,1,,
SWDW-328,Letter,post letter / A to Z letter,School and work,family,no,1,,
SWDW-329,Hand,haath / clock hand / give a hand,Body and clothes,family,no,1,,
SWDW-330,Head,sir / head of school / heads or tails,Body and clothes,family,no,1,,
SWDW-331,Nose,naak / nosy,Body and clothes,family,no,1,,
SWDW-332,Ear,kaan / ear of corn / all ears,Body and clothes,family,no,1,,
SWDW-333,Eye,aankh / eye of a needle / eye of the storm,Body and clothes,family,no,1,,
SWDW-334,Hair,baal / hairstyle,Body and clothes,family,no,1,,
SWDW-335,Tooth,daant / sweet tooth,Body and clothes,family,no,1,,
SWDW-336,Tongue,jeebh / mother tongue,Body and clothes,family,no,1,,
SWDW-337,Thumb,angootha / thumbs up / thumbprint,Body and clothes,family,no,1,,
SWDW-338,Nail,fingernail / iron nail,Body and clothes,family,no,1,,
SWDW-339,Leg,pair / leg spin / leg side,Body and clothes,family,no,1,,
SWDW-340,Heart,dil / heart in cards / love,Body and clothes,family,no,1,,
SWDW-341,Brain,dimaag / brainy,Body and clothes,family,no,1,,
SWDW-342,Chest,seena / treasure chest,Body and clothes,family,no,1,,
SWDW-343,Arm,baazu / arm of a chair,Body and clothes,family,no,1,,
SWDW-344,Face,chehra / clock face / face the music,Body and clothes,family,no,1,,
SWDW-345,Saree,six yards / silk saree,Body and clothes,family,no,1,,
SWDW-346,Kurta,long shirt / kurta pyjama,Body and clothes,family,no,1,,
SWDW-347,Scarf,neck scarf / muffler,Body and clothes,family,no,1,,"replaced Dhoti (owner, 4 Oct: English or pan-India only)"
SWDW-348,Lungi,wrap / lungi dance,Body and clothes,family,no,1,,
SWDW-349,Glove,hand glove / cricket glove,Body and clothes,family,no,1,,"replaced Dupatta (owner, 4 Oct: English or pan-India only)"
SWDW-350,Cap,topi / bottle cap / Test cap,Body and clothes,family,no,1,,
SWDW-351,Chappal,slipper / flip-flop,Body and clothes,family,no,1,,
SWDW-352,Sandal,footwear / sandalwood,Body and clothes,family,no,1,,
SWDW-353,Belt,waist belt / black belt / seat belt,Body and clothes,family,no,1,,
SWDW-354,Button,shirt button / press the button,Body and clothes,family,no,1,,
SWDW-355,Pocket,jeb / pocket money,Body and clothes,family,no,1,,
SWDW-356,Shirt,kameez / T-shirt,Body and clothes,family,no,1,,
SWDW-357,Bangle,choodi / glass bangles,Body and clothes,family,no,1,,
SWDW-358,Sock,socks / sock it,Body and clothes,family,no,1,,"replaced Bindi (owner, 4 Oct: must be known in Tirunelveli or Sivagangai without Hindi)"
SWDW-359,Chain,gold chain / bicycle chain,Body and clothes,family,no,1,,
SWDW-360,Ring,finger ring / boxing ring / phone ring,Body and clothes,family,no,1,,
SWDW-361,Watch,wristwatch / to watch,Body and clothes,family,no,1,,
SWDW-362,Umbrella,chhatri / umbrella term,Body and clothes,family,no,1,,
SWDW-363,Ice,barf / ice cube / break the ice,Things and ideas,family,no,1,,
SWDW-364,Fire,aag / fire engine,Things and ideas,family,no,1,,
SWDW-365,Light,roshni / not heavy,Things and ideas,family,no,1,,
SWDW-366,Court,law court / badminton court,Things and ideas,family,no,1,,
SWDW-367,Coin,sikka / coin toss,Things and ideas,family,no,1,,
SWDW-368,Rupee,money / rupee symbol,Things and ideas,family,no,1,,
SWDW-369,Gold,sona / gold medal,Things and ideas,family,no,1,,
SWDW-370,Diamond,heera / card suit / kite shape,Things and ideas,family,no,1,,
SWDW-371,Crown,taj / king's crown,Things and ideas,family,no,1,,
SWDW-372,King,raja / chess king / card king,Things and ideas,family,no,1,,
SWDW-373,Queen,rani / chess queen / carrom queen,Things and ideas,family,no,1,,
SWDW-374,Joker,card / clown / prankster,Things and ideas,family,no,1,,
SWDW-375,Dice,ludo dice / take a chance,Things and ideas,family,no,1,,
SWDW-376,Top,lattoo / top of the class / shirt top,Things and ideas,family,no,1,,
SWDW-377,Marble,kanche / marble floor / Taj Mahal,Things and ideas,family,no,1,,
SWDW-378,Doll,gudiya / dressed up,Things and ideas,family,no,1,,
SWDW-379,Robot,machine man / robotic,Things and ideas,family,no,1,,
SWDW-380,Judge,court judge / reality show judge,Things and ideas,family,no,1,,
SWDW-381,Puzzle,jigsaw / mystery,Things and ideas,family,no,1,,
SWDW-382,Space,outer space / room / space bar,Things and ideas,family,no,1,,
SWDW-383,Zero,shunya / nothing / zero marks,Things and ideas,family,no,1,,
SWDW-384,Line,queue / phone line / line of a poem,Things and ideas,family,no,1,,
SWDW-385,Circle,gol / friend circle / traffic circle,Things and ideas,family,no,1,,
SWDW-386,Square,shape / village square / square meal,Things and ideas,family,no,1,,
SWDW-387,Point,dot / compass point / point of a story,Things and ideas,family,no,1,,
SWDW-388,Cross,cross mark / to cross the road / angry,Things and ideas,family,no,1,,
SWDW-389,Box,dabba / gift box / boxing,Things and ideas,family,no,1,,
SWDW-390,Rope,rassi / skipping rope / tug of war,Things and ideas,family,no,1,,
SWDW-391,Thread,dhaaga / rakhi / thread of a story,Things and ideas,family,no,1,,
SWDW-392,Needle,sui / injection / needle in a haystack,Things and ideas,family,no,1,,
SWDW-393,Mobile,phone / moving / baby's hanging toy,Things and ideas,family,no,1,,
SWDW-394,Engine,train engine / search engine,Things and ideas,family,no,1,,
SWDW-395,Pin,safety pin / PIN code / bowling pin,Things and ideas,family,no,1,,
SWDW-396,Tape,sellotape / measuring tape / cassette tape,Things and ideas,family,no,1,,
SWDW-397,Flag,jhanda / flag off / red flag,Things and ideas,family,no,1,,
SWDW-398,Bow,bow and arrow / bow down / hair bow,Things and ideas,family,no,1,,
SWDW-399,Current,electric current / water current / current affairs,Things and ideas,family,no,1,,
SWDW-400,Power,bijli / power cut / superpower,Things and ideas,family,no,1,,
