number,language,style,family_friendly,rhyme,review_note
1,en,classic,yes,Kelly's eye,
1,en,indian,yes,"Pehla number, the leader",
1,en,playful,yes,"Number one, let's have fun",
1,en,cricket,yes,KL Rahul's jersey,verify: jersey number
1,hi,hindi,yes,"Sabse aage, badshah number ek",
1,hi,hindi,yes,Akela chana bhaad nahi phod sakta,
2,en,classic,yes,One little duck,
2,en,classic,yes,Me and you,
2,en,festival,yes,"2nd October, Gandhi Jayanti",
2,en,bollywood,yes,2 States,
2,hi,hindi,yes,Tu tu main main,
2,hi,hindi,yes,Do ka dum,
3,en,classic,yes,Cup of tea,
3,en,indian,yes,"Happy family, you and me",
3,en,bollywood,yes,3 Idiots,
3,en,playful,yes,"One, two, three, count with me",
3,hi,hindi,yes,"Teen tigaada, kaam bigaada",
4,en,classic,yes,Knock at the door,
4,en,indian,yes,"Chaar baj gaye, party baaki hai",
4,en,playful,yes,"Four, want some more?",
4,hi,hindi,yes,"Hum do, hamare do",
4,hi,hindi,yes,"Chaar yaar, full pyaar",
5,en,classic,yes,Man alive,
5,en,indian,yes,Punjab da puttar,
5,en,playful,yes,High five!,
5,en,cricket,yes,Washington Sundar's jersey,verify: jersey number
5,hi,hindi,yes,Hum paanch,
5,hi,hindi,yes,Lagao high-five,
6,en,classic,yes,Half a dozen,
6,en,classic,yes,Chopping sticks,
6,en,cricket,yes,Hit for six!,
6,en,bollywood,yes,Delhi-6,
6,hi,hindi,yes,Ye laga chhakka!,
7,en,classic,yes,Lucky seven,
7,en,classic,yes,God's in heaven,
7,en,indian,yes,One hockey stick,
7,en,cricket,yes,Thala Dhoni's seven,
7,hi,hindi,yes,Saat samundar paar,
7,hi,hindi,yes,Indradhanush ke saat rang,
8,en,classic,yes,Garden gate,
8,en,playful,yes,"Don't be late, number eight",
8,en,cricket,yes,Jadeja's jersey,verify: jersey number
8,en,classic,no,One fat lady,traditional; body-shaming
8,hi,hindi,yes,Aath ka thaath,
9,en,classic,yes,Doctor's orders,
9,en,indian,yes,"Nine, feeling fine",
9,en,playful,yes,Cloud nine,
9,en,cricket,yes,Sanju Samson's jersey,verify: jersey number
9,hi,hindi,yes,Nau nau choodiyan,"film song, Chandni"
10,en,classic,yes,Big fat hen,
10,en,cricket,yes,"Sachin's jersey, number ten",
10,en,playful,yes,"Count your fingers, ten",
10,en,bollywood,yes,"Dus, the film",
10,hi,hindi,yes,"Baap numbri, beta dus numbri",
10,hi,hindi,yes,Dus ka dum,
11,en,classic,no,Legs eleven,traditional; wolf-whistle reply
11,en,indian,yes,"Cricket team, eleven",
11,en,indian,yes,2011 World Cup win,
11,en,cricket,yes,Shami's jersey,verify: jersey number
11,hi,hindi,yes,Ek aur ek gyarah,
11,hi,hindi,yes,Nau do gyarah,film title
12,en,classic,yes,One dozen,
12,en,playful,yes,Months in a year,
12,en,cricket,yes,Yuvraj's twelve,verify: only one source
12,hi,hindi,yes,Ek darjan kele,
12,hi,hindi,yes,"Barah baje, lunch time",
13,en,classic,yes,Unlucky for some,
13,en,indian,yes,Baker's dozen,
13,en,playful,yes,"Thirteen, stay keen",
13,hi,hindi,yes,Terah ka tadka,
14,en,classic,yes,Valentine's Day,
14,en,indian,yes,"Children's Day, 14 November",
14,en,playful,yes,"Fourteen, the love machine",
14,hi,hindi,yes,Chaudah saal ka vanvaas,Ram's 14-year exile
14,hi,hindi,yes,Chaudhvin ka chaand,film title
15,en,classic,yes,Young and keen,
15,en,festival,yes,"Independence Day, 15 August",
15,en,cricket,yes,Bhuvi's jersey,verify: jersey number
15,hi,hindi,yes,"Pandrah August, azaadi",
16,en,classic,yes,Sweet sixteen,
16,en,playful,yes,"Sixteen, party scene",
16,en,indian,yes,"Sixteen, fresh and green",
16,hi,hindi,yes,Solah shringaar,
16,hi,hindi,yes,Solah baras ki bali umar,film song
17,en,classic,yes,Dancing queen,
17,en,playful,yes,Selfie queen,
17,en,cricket,yes,Rishabh Pant's jersey,verify: jersey number
17,hi,hindi,yes,"Satrah, dil se pyaara",
18,en,classic,yes,Coming of age,
18,en,indian,yes,Voting age,
18,en,cricket,yes,King Kohli's eighteen,verify: jersey number
18,hi,hindi,yes,Vote ki umar,
18,hi,hindi,yes,"Athaarah, ab hum bade",
19,en,classic,yes,Goodbye teens,
19,en,cricket,yes,"Dravid, the Wall",verify: only one source
19,en,playful,yes,"Nineteen, last of the teens",
19,hi,hindi,yes,Unees-bees ka farak,
20,en,classic,yes,One score,
20,en,indian,yes,Blind twenty,
20,en,cricket,yes,T20 time!,
20,en,cricket,yes,Axar Patel's jersey,verify: jersey number
20,hi,hindi,yes,Bees saal baad,film title
21,en,classic,yes,Key of the door,
21,en,indian,yes,President's 21-gun salute,
21,en,playful,yes,"Twenty-one, just begun",
21,hi,hindi,yes,Shaadi laayak ho gaye,
21,hi,hindi,yes,Ikkees topon ki salaami,
22,en,classic,yes,Two little ducks,
22,en,playful,yes,"Quack quack, twenty-two",
22,en,indian,yes,"Twenty-two, I love you",
22,hi,hindi,yes,Do battakhen,
22,hi,hindi,yes,Hans ki jodi,
23,en,classic,yes,Thee and me,
23,en,playful,yes,"Twenty-three, wait and see",
23,en,cricket,yes,Kuldeep Yadav's jersey,verify: jersey number
23,hi,hindi,yes,"Teis, sabse haseen",
24,en,classic,yes,Two dozen,
24,en,indian,yes,Hours in a day,
24,en,playful,yes,"Twenty-four, knock once more",
24,hi,hindi,yes,Do darjan,
24,hi,hindi,yes,Chaubees ghante,
25,en,classic,yes,Duck and dive,
25,en,indian,yes,Silver jubilee,
25,en,festival,yes,Christmas Day,
25,en,indian,yes,Quarter century,
25,hi,hindi,yes,Chaandi ki saalgirah,
26,en,classic,yes,Pick and mix,
26,en,festival,yes,"Republic Day, 26 January",
26,en,bollywood,yes,Special 26,
26,hi,hindi,yes,"Chhabbees January, gantantra",
27,en,classic,yes,Gateway to heaven,
27,en,playful,yes,"Twenty-seven, close to heaven",
27,en,indian,yes,Duck and a seven,
27,hi,hindi,yes,"Sattaais, sab khush",
28,en,classic,yes,In a state,
28,en,indian,yes,Duck and its mate,
28,en,playful,yes,"Twenty-eight, don't be late",
28,hi,hindi,yes,"Athaais, aao khelein",
29,en,classic,yes,Rise and shine,
29,en,indian,yes,In your prime,
29,en,cricket,yes,Varun Chakravarthy's jersey,verify: jersey number
29,hi,hindi,yes,"Untees, zara dheere",
30,en,classic,yes,Burlington Bertie,
30,en,playful,yes,"Thirty, what a party",
30,en,indian,yes,"Thirty, three zero hero",
30,en,classic,no,Dirty Gertie,traditional; may offend
30,hi,hindi,yes,Tees Maar Khan,film title
31,en,classic,yes,Get up and run,
31,en,indian,yes,Baskin-Robbins flavours,
31,en,playful,yes,"Thirty-one, time for fun",
31,en,cricket,yes,Ruturaj Gaikwad's jersey,verify: jersey number
31,hi,hindi,yes,"Iktees, chalo daudo",
32,en,classic,yes,Buckle my shoe,
32,en,indian,yes,A full set of teeth,
32,en,cricket,yes,Ishan Kishan's jersey,verify: jersey number
32,hi,hindi,yes,Battisi dikhao,show all 32 teeth
33,en,classic,yes,All the threes,
33,en,classic,yes,Dirty knee,
33,en,cricket,yes,Hardik Pandya's jersey,verify: jersey number
33,en,playful,yes,"Thirty-three, wait and see",
33,hi,hindi,yes,"Teen teen, full scene",
34,en,classic,yes,Ask for more,
34,en,indian,yes,Dil maange more,
34,en,cricket,yes,Zaheer Khan's jersey,verify: only one source
34,hi,hindi,yes,"Chauntees, aur chahiye",
35,en,classic,yes,Jump and jive,
35,en,playful,yes,"Thirty-five, stay alive",
35,en,cricket,yes,Rinku Singh's jersey,verify: jersey number
35,hi,hindi,yes,"Paintees, sab theek",
36,en,classic,yes,Three dozen,
36,en,bollywood,yes,36 Chowringhee Lane,
36,en,playful,yes,"Thirty-six, bag of tricks",
36,hi,hindi,yes,Chhattis ka aankda,idiom: at odds
36,hi,hindi,yes,Chhattis ghante,film title
37,en,classic,yes,More than eleven,
37,en,playful,yes,"Thirty-seven, lucky heaven",
37,en,indian,yes,"Body temperature, 37 degrees",
37,hi,hindi,yes,"Saintees, kismat saath",
38,en,classic,yes,Christmas cake,
38,en,playful,yes,"Thirty-eight, stay up late",
38,en,indian,yes,"Thirty-eight, lovely date",
38,hi,hindi,yes,"Adtees, chai garam",
39,en,classic,yes,Those 39 steps,
39,en,playful,yes,"Thirty-nine, feeling fine",
39,en,indian,yes,"Nearly forty, still shine",
39,hi,hindi,yes,"Untaalis, ek kam chaalis",
40,en,classic,yes,Life begins at forty,
40,en,bollywood,yes,Ali Baba and the 40 thieves,
40,en,playful,yes,"Forty, feeling sporty",
40,en,classic,no,Naughty forty,traditional; mild innuendo
40,hi,hindi,yes,Ali Baba chaalis chor,
41,en,classic,yes,Time for fun,
41,en,cricket,yes,Shreyas Iyer's jersey,verify: jersey number
41,en,playful,yes,"Forty-one, just begun",
41,hi,hindi,yes,"Iktaalis, aage badho",
42,en,classic,yes,Winnie the Pooh,
42,en,festival,yes,"Quit India, 1942",
42,en,cricket,yes,Shikhar Dhawan's jersey,verify: jersey number
42,en,bollywood,yes,1942: A Love Story,
42,hi,hindi,yes,"Bharat chhodo, bayaalis",
43,en,classic,yes,Down on your knees,
43,en,indian,yes,Climb a tree,
43,en,playful,yes,"Forty-three, cup of tea",
43,hi,hindi,yes,"Taintaalis, pedh pe chadho",
44,en,classic,yes,All the fours,
44,en,cricket,yes,Sehwag's forty-four,verify: only one source
44,en,playful,yes,"Forty-four, open the door",
44,hi,hindi,yes,"Chaar chaar, chor chor",
45,en,classic,yes,Halfway there,
45,en,cricket,yes,Hitman Rohit's jersey,verify: jersey number
45,en,playful,yes,"Forty-five, still alive",
45,hi,hindi,yes,Aadha raasta paar,
46,en,classic,yes,Up to tricks,
46,en,playful,yes,"Forty-six, pick up sticks",
46,en,indian,yes,"Four and six, boundary mix",
46,hi,hindi,yes,Chauke chhakke,
47,en,classic,yes,Four and seven,
47,en,festival,yes,"Year of Independence, 1947",
47,en,playful,yes,"Forty-seven, almost heaven",
47,hi,hindi,yes,Azaadi ka saal,
48,en,classic,yes,Four dozen,
48,en,cricket,yes,Suresh Raina's jersey,verify: only one source
48,en,playful,yes,"Forty-eight, tag a mate",
48,hi,hindi,yes,"Adtaalis, chaar darjan",
49,en,classic,yes,Rise and shine,
49,en,playful,yes,"Forty-nine, right on time",
49,en,cricket,yes,Mukesh Kumar's jersey,verify: jersey number
49,hi,hindi,yes,"Unchaas, ek kam pachaas",
50,en,classic,yes,Half a century,
50,en,classic,yes,Bullseye,
50,en,cricket,yes,Fifty! Raise the bat,
50,en,indian,yes,Golden jubilee,
50,hi,hindi,yes,Sunehri saalgirah,
50,hi,hindi,yes,Aadha shatak,
51,en,classic,yes,Tweak of the thumb,
51,en,indian,yes,Charity begins at fifty-one,
51,en,playful,yes,"Fifty-one, lots of fun",
51,hi,hindi,yes,Shagun ka lifaafa,Rs 51 gift envelope
52,en,indian,yes,Pack of cards,
52,en,classic,yes,Weeks in a year,
52,en,playful,yes,"Fifty-two, chicken vindaloo",
52,hi,hindi,yes,Taash ke baavan patte,
53,en,classic,yes,Stuck in a tree,
53,en,indian,yes,Pack with a joker,
53,en,playful,yes,"Fifty-three, buzzing bee",
53,hi,hindi,yes,"Tirpan, joker ke saath",
54,en,classic,yes,Clean the floor,
54,en,indian,yes,Pack with two jokers,
54,en,cricket,yes,Shardul Thakur's jersey,verify: jersey number
54,hi,hindi,yes,"Chauvan, jhaadu lagao",
55,en,classic,yes,Snakes alive,
55,en,classic,yes,All the fives,
55,en,playful,yes,"Fifty-five, bees in the hive",
55,hi,hindi,yes,"Dono bhai, paanch paanch",
56,en,classic,yes,Pick up sticks,
56,en,cricket,yes,Ravi Bishnoi's jersey,verify: jersey number
56,en,playful,yes,"Fifty-six, magic tricks",
56,hi,hindi,yes,Chhappan bhog,56 food offerings
57,en,classic,yes,Heinz varieties,UK reference
57,en,festival,yes,"1857, the first freedom war",
57,en,playful,yes,"Fifty-seven, lucky heaven",
57,hi,hindi,yes,Attharah sau sattaavan ki kranti,
58,en,classic,yes,Make them wait,
58,en,indian,yes,Time to retire,
58,en,playful,yes,"Fifty-eight, don't be late",
58,hi,hindi,yes,"Atthaavan, thoda ruko",
59,en,classic,yes,Brighton line,UK reference
59,en,indian,yes,Just retired,
59,en,playful,yes,"Fifty-nine, doing fine",
59,hi,hindi,yes,"Unsath, kal retirement",
60,en,classic,yes,Five dozen,
60,en,indian,yes,Retirement age,
60,en,playful,yes,"Sixty, still nifty",
60,hi,hindi,yes,Paanch darjan,
60,hi,hindi,yes,"Saath saal, kamaal",
61,en,classic,yes,Baker's bun,
61,en,playful,yes,"Sixty-one, having fun",
61,en,indian,yes,"Sixty-one, rising sun",
61,hi,hindi,yes,"Iksath, naya josh",
62,en,classic,yes,Tickety-boo,
62,en,classic,yes,Turn the screw,
62,en,playful,yes,"Sixty-two, peekaboo",
62,hi,hindi,yes,"Baasath, sab badhiya",
63,en,classic,yes,Tickle me,
63,en,cricket,yes,"SKY, Suryakumar's jersey",verify: jersey number
63,en,playful,yes,"Sixty-three, jump with glee",
63,hi,hindi,yes,"Tirsath, gudgudi",
64,en,classic,yes,Red raw,
64,en,indian,yes,Catch the chor,
64,en,cricket,yes,Yashasvi Jaiswal's jersey,verify: jersey number
64,hi,hindi,yes,"Chausath, chor pakdo",
65,en,classic,yes,Old age pension,
65,en,playful,yes,"Sixty-five, still alive",
65,en,cricket,yes,Avesh Khan's jersey,verify: jersey number
65,hi,hindi,yes,Budhaapa pension,
66,en,classic,yes,Clickety click,
66,en,cricket,yes,"Six and six, two sixes",
66,en,playful,yes,"Sixty-six, double tricks",
66,hi,hindi,yes,Chhakke pe chhakka,
67,en,classic,yes,Stairway to heaven,
67,en,classic,yes,Made in heaven,
67,en,playful,yes,"Sixty-seven, almost heaven",
67,hi,hindi,yes,"Sadsath, seedhi chadho",
68,en,classic,yes,Saving grace,
68,en,classic,yes,Pick a mate,
68,en,playful,yes,"Sixty-eight, clean your plate",
68,hi,hindi,yes,"Adsath, sab fit",
69,en,indian,yes,Same upside down,
69,en,playful,yes,"Sixty-nine, flip the sign",
69,en,classic,no,Either way up,traditional; innuendo
69,hi,hindi,yes,Ulta pulta,
70,en,classic,yes,Three score and ten,
70,en,indian,yes,Lucky blind,
70,en,playful,yes,"Seventy, plenty",
70,hi,hindi,yes,"Sattar, sab ke sab",
71,en,classic,yes,Bang on the drum,
71,en,festival,yes,"1971, the victory year",
71,en,indian,yes,Lucky bachelor,
71,en,bollywood,yes,"1971, the film",
71,hi,hindi,yes,"Ikhattar, dhol bajao",
72,en,classic,yes,Six dozen,
72,en,cricket,yes,Tilak Varma's jersey,verify: jersey number
72,en,playful,yes,"Seventy-two, par for you",
72,hi,hindi,yes,"Bahattar, chhe darjan",
73,en,classic,yes,Queen bee,
73,en,classic,yes,Under the tree,
73,en,cricket,yes,Siraj's jersey,verify: jersey number
73,hi,hindi,yes,"Tihattar, madhu makkhi",
74,en,classic,yes,Hit the floor,
74,en,classic,yes,Candy store,
74,en,playful,yes,"Seventy-four, shut the door",
74,hi,hindi,yes,Dil ka chor,
75,en,classic,yes,Strive and strive,
75,en,indian,yes,Diamond jubilee,
75,en,playful,yes,"Seventy-five, look alive",
75,hi,hindi,yes,Heera saalgirah,
76,en,classic,yes,Trombones,
76,en,indian,yes,Lucky six,
76,en,playful,yes,"Seventy-six, pick and mix",
76,hi,hindi,yes,"Chhihattar, baaja bajao",
77,en,classic,yes,Sunset strip,
77,en,classic,yes,All the sevens,
77,en,indian,yes,Two hockey sticks,
77,en,cricket,yes,Shubman Gill's jersey,verify: jersey number
77,hi,hindi,yes,Hum saat saat hain,
78,en,classic,yes,Heaven's gate,
78,en,classic,yes,39 more steps,
78,en,playful,yes,"Seventy-eight, don't be late",
78,hi,hindi,yes,Lucky seth,
79,en,classic,yes,One more time,
79,en,indian,yes,Lucky nine,
79,en,playful,yes,"Seventy-nine, almost line",
79,hi,hindi,yes,"Unaasi, ek aur baar",
80,en,classic,yes,Eight and blank,
80,en,playful,yes,"Eighty, getting weighty",
80,en,indian,yes,"Eighty, feeling mighty",
80,en,classic,no,Gandhi's breakfast,traditional; may be disrespectful
80,hi,hindi,yes,"Assi, bas assi",
81,en,classic,yes,Stop and run,
81,en,indian,yes,Setting sun,
81,en,playful,yes,"Eighty-one, nearly done",
81,hi,hindi,yes,"Ikyaasi, bhaago bhaago",
82,en,classic,yes,Straight on through,
82,en,indian,yes,Last of the twos,
82,en,playful,yes,"Eighty-two, me and you",
82,hi,hindi,yes,"Bayaasi, seedha chalo",
83,en,classic,yes,Time for tea,
83,en,cricket,yes,"1983, Kapil's Devils",
83,en,bollywood,yes,"83, the film",
83,hi,hindi,yes,"Tiraasi, World Cup waali",
84,en,classic,yes,Seven dozen,
84,en,classic,yes,Give me more,
84,en,playful,yes,"Eighty-four, knock once more",
84,hi,hindi,yes,"Chauraasi, chor ka shor",
85,en,classic,yes,Staying alive,
85,en,playful,yes,"Eighty-five, still alive",
85,en,indian,yes,"Eighty-five, keep the drive",
85,hi,hindi,yes,"Pachaasi, zinda hain",
86,en,classic,yes,Between the sticks,
86,en,indian,yes,Last six,
86,en,playful,yes,"Eighty-six, magic tricks",
86,hi,hindi,yes,Aakhri chhakka,
87,en,classic,yes,Torquay in Devon,UK reference
87,en,playful,yes,"Eighty-seven, nearly heaven",
87,en,indian,yes,"Eight and seven, almost done",
87,en,cricket,yes,Rajat Patidar's jersey,verify: only one source
87,hi,hindi,yes,"Sattaasi, bas thoda aur",
88,en,classic,yes,Wobbly wobbly,
88,en,playful,yes,Two snowmen,
88,en,indian,yes,Double infinity,
88,en,classic,no,Two fat ladies,traditional; body-shaming
88,hi,hindi,yes,Kya thaat baat,
89,en,classic,yes,Nearly there,
89,en,indian,yes,All but one,
89,en,playful,yes,"Eighty-nine, end of the line",
89,hi,hindi,yes,"Nawaasi, bas ek aur",
90,en,classic,yes,Top of the shop,
90,en,indian,yes,Top of the house,
90,en,classic,yes,End of the line,
90,en,cricket,yes,Deepak Chahar's jersey,verify: jersey number
90,hi,hindi,yes,Aakhri number,
90,hi,hindi,yes,"Nabbe, khel khatam",
